title,text,rating,reaction,who,date,website
Нет скорости,"Очень плохая скорость интерната провайдер Megaline. Что можно 
делать!? по началу думал может у меня что то с компьютером но тут 
windows пере установил. И понял что с Интернетом не то. Теперь ломаю 
голову что можно сделать с интернетом.",null,Negative,Nikita,26.04.2012,huzhe.net
Постоянные отключения интернета,"Уже сил нету с этим самым ужасным провайдером мегалайн! 
Отключения каждую минуту! Просто ужас какой-то, если в сутки часа 3 
нормально работает то остальное время идут отключения! За что я вам 
деньги плачу!? Уды чтоб вы подавились моими деньгами и своей услугой! 
Пол года таких мучений, дерёте с нас немыслимые деньги, а услуги самые 
ужасные! Быстрей-бы новый провайдер появился, не задумываясь перешел! 
Ненавижу вас Удов !",null,Negative,Геннадий,11.04.2012,huzhe.net
Интернет,задалбал этот меголайн со своими ужасными услугами !!! постоянные отключения ! за что только деньги платим !?,null,Negative,Геннадий,17.03.2012,huzhe.net
Интернет,"я проживаю в уральске, уже 3-й месяц нет нормальной скорости, 
500 и то не всегда.звонил, ходил .(((((((( добиться не могу",null,Negative,иван,15.03.2012,huzhe.net
Постоянные отключения интернета,"Постоянные отключения интернета, каждые 5 минут отключается 
интернет ! скорость отдачи и приёма очень низкая ! толком не скачать не 
посмотреть не поиграть не возможно ! За что только Платим Деньги ???",null,Negative,Геннадий,05.03.2012,huzhe.net
Skorost,"KAK NADOYELO ETOT MEGALINE, , , POSTOYANNO SKOROSTI NET, , , DA 
BLYAT SKOLKO MOJNO, A ETOT ID TV POLNI PIZDEC JOPA SKAZALI ZA PARU DNEY 
PODKLYUCHET UJE 1 MESYAC JDU, ZAYIBALI ONI UJE.VOT",null,Negative,Karim,27.02.2012,huzhe.net
"Не работает интернет, нет скорости!!!","Два месяца как подключил интернет Казактелеком Мегалайн почти не
 работает, не могу зайти в интернет, если зайду нет скорости. Одни 
нервотрёпки!!! Звонил в Казактелеком Мегалайн, работники пришли, у тебя 
бракованный модем, купил новый, они сказали, - у него мощность 
маленькая, купил 3 модем. Теперь говорят у тебя программное обеспечение 
""тупит"" - они её сами устанавливали и что программное обеспечение нужно 
менять каждый месяц, потом сказали, возможно у тебя сетевая карта 
""тупит"" Вообще они...",null,Negative,Ерлан,22.02.2012,huzhe.net
Megaline блокирует dns сервера google,"Текст не мой но ситуация таже:

При входе на сервисы от Google через Megaline такие как: 
Интернет-магазин Chrome, Android Маркет, не отображаются картинки. 
Испробовал множество браузеров, добавлял эти сайты в исключения в 
файрволе, но потом решил провести эксперемент: зашел на теже сайты, с 
тойже конфигурацией компьютера через мобильный интернет от Beeline, и о 
чудо! Всё прекрасно работает!Получается Megaline намеренно блокирует эти
 сервисы?

И тут я решил выяснить, так в чем же проблема? Ведь...",null,Negative,Павел,17.02.2012,huzhe.net
Очень низкая скорость,"Везде реклама мол мегалайн увеличивает скорость..снижает цены..,
 а на самом то деле во-первых обещанная скорость даже если она есть то 
периодами и эти периоды длятся очень мало и редко, во-вторых это только 
на внутренних рессурсах, в-третьих ну это уже моя личная жалоба..я 
подключил себе Megaline Turbo Plus, когда подключал ождал скорость на 
казнете 8 Mbсек, ну соответсьвенно на внешние рессурсы 4 Mbсек, а у меня
 скорость 4 Mbсек на всё...звонил в ремонт говорят линия перегружина, и 
всё мол...",null,Negative,Макс,05.02.2012,huzhe.net
Скорости нет!!!,"Знаете, это уже совсем наглость! Плочу 4500 тысячи не за что!!! У
 меня безлимитка а я даже немогу страцицу открыть(. Специально поставила
 себе безлимитку чтобы нормально открывалось а в итоге ничего нет, еще 
хуже стало чем было!!! Сделайте нормальный интернет что вы тогда за 
фирма то если не можете предоставить людям за их деньги нормальный 
интеренет! Менйтесь и будут у вас клиенты! Если не изменитесь растеряете
 всех и так уже многие отключают мегалайн из за этого!",null,Negative,Ольга,07.11.2011,huzhe.net
Мегалайн туфта,"Одним словом Мегалайн и Казактелеком зажрались на нет, у меня на
 них даже слов нет т.к. все это бесполезно, они же у нас херовы 
монополисты.",null,Negative,Жандос,03.11.2011,huzhe.net
Speed / ping,"Такого интернета в мире нигде нет самая низкая скорость закачки, самый большой пинг, частые отключения и т.д.",null,Negative,изКазахстана,18.10.2011,huzhe.net
Скорость 3кбай / с,У меня скоростьт скачивания 3 кбит/с устраните эту ошибку!!!пожалуйста!!!,null,Negative,Санат,16.09.2011,huzhe.net
Ужасный провайдер и интернет,"Здравствуйте! Не думал что придется этого делать, но всё-таки 
пришлось. Каждый божий день невозможно нормально посидеть за компьютером
 (за интернетом), т.к. постоянно отключается, также падает передача 
интернета. Примите по этому поводу некоторые меры, я очень настаиваю, на
 Вас очень много людей жалуется. Хотелось бы знать, когда будет 
прекращено некое отключение и когда Вы займетесь этой ""глобальной"" 
проблемой?",null,Negative,Никита,28.08.2011,huzhe.net
Скорость интернета,Почему нет скорости в моем интернете не получаю то за что плачу сколько можно кто ответит на этот вопрос,null,Negative,валентина,25.08.2011,huzhe.net
Упала скорость,"Вместо того, чтобы оправдывать свое заявление по поводу увеличения скорости в два раза, она упала ниже плинтуса... 

Какого, спрашивается, вообще им деньги платить???",null,Negative,Nixe,04.08.2011,huzhe.net
Отсутствие номера справочной,"Поменялись номера справочных служб. Теперь невозможно найти 
телефон интересующего предприятия. Единственно, что можно узнать на 
сайте Казахтелекома, это номер 160. А там уже начинают ""нажмите то, 
нажмите се или дождитесь ответа оператора"". Так вот, ответа оператора 
НИКОГДА НЕ БЫВАЕТ, т.к. ""извините, в настоящий момент все операторы 
заняты"".
Отсутствует также какой-либо актуальный справочник номеров, все 
доступные справочники двух- и более летней давности.",null,Negative,ВалерийИмашев,25.03.2011,huzhe.net
Медленный интернет,"Такая зависть просыпается, во всех странах скорость передачи 
данных исчисляются в мегабитах, а мы как идиоты килобитами 
обламываемся!!!",null,Negative,Макс,08.03.2011,huzhe.net
Не работает интернет,"У меня 2 года как подключен интернет Мегалайн нашей 
телекомпании. Два года нервотрепки. Практически не работает. Пока в 
четверг 17 февраля не позвонила 
в бюро ремонта, ждала 15 минут пока возьмут трубку, пока не отлаяла 
ремонтника толку не было. Как поругалась, так интернет сразу 
заработал.Неужели для того, чтобы заработал интернет, надо звонить и 
ругаться? Ау! Руководство телекома за что Вы берете такие деньги, если 
не работает интернет? Составляете себе зарплату? И когда этот бардак...",null,Negative,Анна,17.02.2011,huzhe.net
Скорость соединения,"Я в 2007 году подал заявку на подключение этого гавна и вот меня
 наконец подключили (это было в 2009 году) в начале вроде бы все было 
норм но затем в 2009 году гдето зимой началось что то особенное т.е. 
скорость загрузки страницы была 1б/с O_O акуеть просто! потом в 2010 
году стало вроде опять норм)) скорость загрузки поднялась до 30кб/с уже 
прогресс но вот сейчас уже 2011 год! и изменений нет! народ посоветуйте 
что нибудь а то ппц живем в гавне и интернет гавно! так хоть интернет 
будет лучше =) 
Спасибо с увожением Жалхас!",null,Negative,Жалхас,30.01.2011,huzhe.net
Не хотят работать,"Работники Казахтелекома не реагируют на жалобы, за что берут 
деньги непонятно, уже почти неделю не хотят искать повреждение на линии 
связи.",null,Negative,ЛютиковАнатолий,30.06.2014,huzhe.net
Телефонные провода,"Телефонные провода висят - неправильно устанавливают - от столба до столба, от земли всего 2 метра",null,Negative,Баглан,18.05.2014,huzhe.net
Интернет мегалайн,Плохое соединение постоянно разрывается низкая скорость и качество интернета.,null,Negative,юрий,11.05.2014,huzhe.net
Качество услуг,"Раньше я платил 2000 т. Т за тариф старт, сейчас плачу 4000 т. Т
 а разницы по скорости никакой. Лучше буду платить 12000 т. Т в год за 
usb модем при такой - же скорости без ограничений. Подскажите пожалуйста
 как мне отключиться от мегалайн и платить только за услуги телефона. . .",null,Negative,Андрей,10.05.2014,huzhe.net
Зажрались,"Вот здравствуйте. Я конечно не уверен, что на это письмо 
ответят, или обратят внимание., НО все же ...мы живем в 21 веке. А 
интернет не могут провести, ..от моего дома ваш ящик находится на 
расстоянии 200 метров. Вы зажрались. Я уже готов платить больше за 
подключение.и вообще, почему вы не работаете. Я запарился к вам ходить. 
Теперь буду строчить жалобы. Так проще.т.к. вы игнорируете.и это, только
 начало...",null,Negative,серега,02.02.2014,huzhe.net
Интернет,"Интернет все праздники виснет и сегодня уже 8 января все 
бесконечно пропадает. Мы за что платим вам? За городской телефонный 
номер платим хотела бы отказаться да нет нельзя интернета не будет . За 
телефон плати (им вообще не пользуемся только вечером) за и- нет плати. 
Хотя городской телефон уже и не нужен у всех есть сотки. Казахтелеком, 
неужели нельзя телефонную сделать отдельно от интернета или вам это 
прибыльно. Кому нужен городской пусть пользуются и платят, кому не нужен",null,Negative,Жанара,08.01.2014,huzhe.net
Неожиданно все погнало,"Уважаемые Руководители ID TV, я являюсь пользователем вашего 
интернета 3 год! В целом в большей степени я доволен вашим пакетом id tv
 и интернетом, да не спорю бывают и глюки и зависает, скорость резко 
падает но это иногда, в большинстве случаев все работает отлично! Я живу
 в частном секторе и на тот момент когда я хотел установить интернет 
Ваша компания оказалась единственной кто мог меня удовлетворить т.к. все
 остальные отмазывались мол не работают по частным секторам, - "" да, мы к
 вам едем!""...",null,Negative,Aslan,03.12.2013,huzhe.net
Провайдеры уроды,"провайдеры вы добьетесь что останетесь без штанов за поставления
 такого не конкретного интернета не успеешь его подключить тут же он 
отключается разве это дело???я откажусь от ваших услуг ненужных",null,Negative,илья,17.11.2013,huzhe.net
Падающая скорость казахтелеком,"На протяжении 10 месяце провайдер травит нас как тараканов есть 
Инет радуйтесь нет Инета молчите. Вообщем все происходит так в течении 
дня история одна инет висит тв висит картинка отдельно от звука. Ху...я 
какая то. Серваки грузят клиентов хапают качества ноль.",null,Negative,Наталья,02.10.2013,huzhe.net
Подключение интернета,"хотел подключить интернет, живу в частном сектор..в 
казахтелекоме заключил договор с 30 июля 2013 года, на подключение 
интернета.уже октябрь месяц и до сих пор не подключают интернет, в связи
 с этим прошу рассмотреть мою жалобу и принять меры!",null,Negative,бейсен,01.10.2013,huzhe.net
Интернет,"мегалайн турбо- ЭТО гав*о, в самом плохом смысле этого слова, 
пано*с, нет слов. вот мне бы сейчас того человека, который бы мне 
скажет, что, мегалайн турбо-это тема, Я бы его порвал, как шарик 
фуфайку.",null,Negative,кайрат,16.08.2013,huzhe.net
Установка интернет,"В Казтелекоме на установку интернета стою уже больше года с мая 
прошлого года. В квартире есть телефонная линия и ко всем квартирам в 
подезде подведен оптиковалконые кабели. Как звонишь Казтелеком один 
только ответ нет технической возможности подключения. Хотя через два 
дома есть оптиковалоконая и мегалайн. Когда же в Усть-Каменогорске 
нормально будет работать Казтелеком",null,Negative,Муратбек,25.07.2013,huzhe.net
Плохая работа!,"Здравствуйте! телефон сломался с 16 июня и до сих пор не сделан.
 тариф супер хит - за что я плачу деньги? интернета нету позвонить не 
могу. а причина - дерево. все время дерево росло а сейчас стало мешать? 
скорость ужасная. иногда нормально но к концу месяца и иногда и в начале
 скорость становится невыносимой, даже почту не открывает. что вообще за
 дела? когда начнется нормальное обслуживание ?",null,Negative,Карина,19.06.2013,huzhe.net
Megaline turbo,скорость интернета очень маленькая гно не подключайтесь к этому тарифному плану,null,Negative,Эдуард,14.06.2013,huzhe.net
Ужасная скорость,"У меня тарифный план Megaline Turbo Plus, но скорость ужасная 
невозможно пользоваться приходиться некоторое время ждать пока странница
 загрузится. Из всего месяца только около недели интернет работет более 
шустрее...",null,Negative,Равиль,04.05.2013,huzhe.net
Мегалайн старт,"Всем привет! Все кто не доволен качеством услуг Мегалаина. Прошу
 обращаться ко мне. Так как по моему заявлению, общество защиты 
потребителей, через суд предьявит Казахтелекому ""за качество"" 
предоставляемых услуг Мегалаин. Необходимо как можно больше заявлении от
 пользователей услуг Мегалаина недовольных качеством. Сколько можно нас 
обманывать? Жду Ваших обращении. С уваженим, Сабит. e-mail.: 
molsabi@mail.ru",null,Negative,Сабит,21.04.2013,huzhe.net
Разобраться и дать ответ разумный,"Прошу Вас, объснить почему такое отвратительное отношения 
сотрудников Казтелекома г.Усть-Каменорска на заяки потребителей интернет
 . Я подал заявку на установку интернет в мае месяце 2012года, уже год 
прошел как я жду подключения. На мои звонки по №160 отвечают, 
протестировали вашу телефонную линию возможности нету подключения, 
объясните пожалуста во всем доме и у моих соседей по пдъезду есть 
интернет мегалайн, а ко мне что ли провели отдельную телефонную линиию 
от Казтелекома...",null,Negative,Муратбек,05.04.2013,huzhe.net
Качество обслуги,"неоднократное обращение по поводу долгов приписок, постоянно 
жалобы звонки "" нет скорости"", уже с сыном устали звонить, я 
пенсионерка, сын на инвалидности, ходить мне тяжело задыхаюсь ноги 
болят, а по телефону доводят до нервного срыва, это к нам такое 
отношение пенсионерке и инвалиду, с начало месяца начинается, а в конце,
 вообще можно не включать компьютер, за что несчастные копейки платим у 
сын пенсия 17, 900 и у меня 28, 700, и нас еще оббирают каждый месяц 
приписывают определитель...",null,Negative,альфия,03.04.2013,huzhe.net
Обслуживание,"Скорее это не жалоба, а претензия! Пользователем Мегалайна, 
являюсь уже несколько лет, раньше ну позвонишь - придут -отремонтируют, 
ну а сейчас в течении полугода -бесполезно, придут, скорость измерят, 
руками разведут, меж собою по телефону переговорят на этом и все .А мы 
регулярно платим деньги и не малые, а вот Ваш прогресс у меня лично и не
 тянет . Сетовали на компьютер- заменила .А не думаете Вы Уважаемые 
Господа! Что у Вас что-то или кого-то надо сменить .Очень надеюсь на 
ответ или реакцию.",null,Negative,Антонина,12.03.2013,huzhe.net
Internet,"Уже скоко дней етот интернет барохлит подключается и захожу в 
интернет смотрю кино сижу в агенте и на те агентотключился загрузка 
киношки останавилось смотрю подключен ли инет подключен но нееееекууда 
не заходит!звоню в мегалйн они говорят что подключим спецом но ети спецы
 умерли незнаю не берут телефоны берут опят говорят ждите опять ждещ 
час!! играю игры через инет меня как всегда выкидувают !! (( еслип не 
сработает мой инет через 3 дня потом жалобу на городскую если опят нет я
 пойду подвм в суд",null,Negative,ОМирсерик,08.03.2013,huzhe.net
Интернет,"Вот скажите где общенная корость в 1 мб/сек, если в данный момент http://www.speedtest.net/result/2545470769.png",null,Negative,Onotole,02.03.2013,huzhe.net
Очень очень низкая скорость приема / отдачи,"Это вообще все границы уже переходит!!! Сделала тест на скорость
 приема/отдачи информации - скорость приема 82 кб/секунду. Я за что 
такие деньги плачу каждый месяц???? Я даже почту нормально проверить не 
могу!! Доходит до смешного - через мобильный это сделать намного 
быстрее!!",null,Negative,ЛарисаНиколаевна,21.02.2013,huzhe.net
Отсутствие телефонной связи,"В новостройке по адресу г. Хромтау, ул. Бр. Жубановых 15, нет 
элементарного телефона. дом сдан в эксплуатацию более года назад, в 20 
метрах находится дома в которых есть телефонная связь. в казахтелекоме 
предлагают беспроводной телефон, но качество связи очень плохое 
(проверял), скорость интернета хуже, чем через USB модем. на вопросы 
местному отделению казахтелекома, отвечают, что пока не ожидается. в 21 
веке, в стране, стремящейся войти в 50 первых стран, люди остаются без 
связи.",null,Negative,Булат,16.02.2013,huzhe.net
Низкая скорость,"Очень низкая скорость у мегалайн заплатил за Январь 2013 трафик у
 меня закончился вот начался новый месяц а трафика как не было так и 
нету что за не ответственность!
стоит мегалайн хит уже не знаю что делать говорят провериться на вирусы 
проверился но нечего нету!",null,Negative,Volodya,08.02.2013,huzhe.net
Скорость,"Не понятно зачем платить 5000 тенге в месяц, за услугу интернета
 мегалайн турбо, если интернет из всего месяца работает от силы хорошо 
только неделю.Уже куда только не обращались, эффект, буквально один 
максимум два дня, потом опять та же история.Подать заявление в суд? Или 
все же будет наладка скорости интернета",null,Negative,лола,01.02.2013,huzhe.net
Низкая скорость,"Мегалаин хит 240 кб маленкая скорость не чево не скачаешь с 
такои скоростью мы плотим такие деньги за токую скорость когда поднимут 
скорость",null,Negative,Baurzhan,01.02.2013,huzhe.net
Часто пропадают интернет сессии,"Как подключил этот мегалайн турбо который так прям безупречно 
рекламировали так и с этих пор часто интернет пропадает и получается 
просто так оплачиваем за пользование которого частично нету, уже нет 
никакой надежды на улучшение в скором будущем наверное откажемся от 
такого интернета",null,Negative,РУслан,27.01.2013,huzhe.net
Низкая скорость интернет,"ДОРОГОЙ Казахтелеком. В ноябре 2012 года подключила интернет и 
достаточно хороший тариф мегалайн турбо плюс. Что в конце месяц, что с 
начала скорости как не было, так и нет. Надо обязательно названивать? 
Почему просто не выполнять своих обязательств?",null,Negative,Елена,05.01.2013,huzhe.net
Мегалайн турбо загрузка плохая,"У меня мегалайн турбо загрузка че то не то..ну плохая... не могу
 смотреть фильмы любимые, все время загрузка, с этими паузами бесит 
уже.даже не прошел уже месяц как мы его подключили. но по началу все 
было хорошо а сейчес вот вам я жалобу пишу...что с ним 
поделать???????????????подскажите???? может надо сменить линию 
телефона???",null,Negative,Акжаркын,18.12.2012,huzhe.net
Скорость,"Последние две недели скорость упала на нет! Невозможно ничего открыть, при оплате сорок$ в месяц это бред!",null,Negative,Володя,18.12.2012,huzhe.net
Ужасно плохая скорость,"скорость вообще ужасная, страницу 3-4 минуты грузит, за что 
платим деньги незнаю, когда они хоть что нибудь предпримут, обезьяны, а 
не люди. под суд их",null,Negative,Александр,14.12.2012,huzhe.net
Подключение либо отсутствует либо ооочень медленное!!!,"плачу за интеренет по полному тарифу, а соединение ограничченное 10, 0кбс!!!Голимый беспредел!!!",null,Negative,александр,04.12.2012,huzhe.net
Качество обслуживания,"Уважаемая дирекция АО «Казактелеком». Обращаюсь по поводу 
системы обслуживания в Семейском филиале. Так 13.11.2012 года сотрудники
 вашей компании проводили, какие-то работы на линии (дочь сказала, что 
звонили домой и проверяли линию, при этом я каких-либо работ в связи с 
неполадками не заказывал, так как неполадок не было), в результате чего с
 13.11.2012 года по настоящее время интернет услуга мегалайн не работает
 (15.11.2012 года). На все обращения по номеру 160, мне предлагают 
находиться дома...",null,Negative,Валерий,15.11.2012,huzhe.net
Низкая скорость,"Очень очень низкая скорость особенно с 11-12 числа да 30-31. Не 
то что смотреть фильм почту не возможно открыть... Так получается я 
плачу за 12 дней нормальной скорости и на остальное просто так? Вы там 
как нибудь решите проблему, ведь так не может продолжатся?",null,Negative,Альбина,12.11.2012,huzhe.net
Подключения интернета,"Здравствуйте!!!Я Виктория подала заявку на подключения интернета
 мегалайн хит, год назад, неоднократно ходила в центр мегалайн, чтоб они
 патаропились с установкой мне обещали подключить в течении 2 х недель, а
 уже прошел год, говорят нет портов для подключения и когда будет 
неизвестно!!!Прошу принять меры по устоновлению скоростного 
интернета!!!и разобраться !!!",null,Negative,Виктория,06.11.2012,huzhe.net
Поддержка,"Дело в том что на территории моего махонького городка 
единственный кто предоставляет безлимитный интернет это эти криворукие. Я
 уже устал звонить им с просьбой что нибудь сделать. Интернет падает 
каждые 3-5 минут. Дома проверил и поменял уже все провода, сплитер и 2 
модема. Дело в линии которая идет до моего дома. Но они даже и не думаю 
чесаться что бы хоть что-то сделать хотя я плачу этим ишакам исправно и 
каждый месяц из которого я не могу половину месяца пользоваться 
интернетом из-за...",null,Negative,ПользовательМегалайн,29.10.2012,huzhe.net
Мегалайн,"Я 20 го числа сентября подала заявления на установку Мегалайн 
Турбо сказали в течении 10 дней установят но прошло уже 2, 5 недели а 
меня всё завтраками кормят в среду, в четверг надоело уже ждать сижу 
дома и никуда не выхожу, ИЗДЕВАТЕЛЬСТВА Прошу начальство принять меры 
чтобы Ваши работники были поросторопнее, Асель",null,Negative,Асель,08.10.2012,huzhe.net
Не подключают интернет,"Моему возмущению нет предела!!! Подал заявку на подключения 
интернета 21.08.09 и до сих пор не могут подключить. Кричат что нет 
свободных номеров. Хотя с нашим домом их компания установила новый шкаф с
 номерами.",null,Negative,Серега,12.09.2012,huzhe.net
Подключение,"Дал заявку на подключение мегалайн турбо по акции, а меня прото 
игнорируют! Сколько раз звонил всё отговариваются и обещают перезвонить.
 А нечего не происходит. Если нельзя по акции, то так бы и сказали. Я бы
 подключился бы по другому.",null,Negative,Алексей,20.08.2012,huzhe.net
Казахтелеком установка интернета,"25 июня подала заявку на подключения интернета через 
казахтелеком .Позвонила. Заявку приняли сказал заявку рассматривают 3 
дня. Через 3 дня звонят. Вам одобрили, приходите в казахтелеком с 
уд-личн и заберите кодовое слово. Я в четверг пришла туда и говорю вот 
мне сказали забрать код.слово, и девушка даже не посмотрев док-ы, 
сказала снимити копию уд-лич. Я там через дорогу пошла в магазин сняла 
копию, и опять заняла очередь. Подошла к девушке она там у себя в компе 
что- то посмотрела и говорить...",null,Negative,сандугаш,30.06.2012,huzhe.net
Скорость соединения,"Я в 2007 году подал заявку на подключение этого гавна и вот меня
 наконец подключили (это было в 2009 году) в начале вроде бы все было 
норм но затем в 2009 году гдето зимой началось что то особенное т.е. 
скорость загрузки страницы была 1б/с O_O акуеть просто! потом в 2010 
году стало вроде опять норм)) скорость загрузки поднялась до 30кб/с уже 
прогресс но вот сейчас уже 2011 год! и изменений нет! народ посоветуйте 
что нибудь а то ппц живем в гавне и интернет гавно! так хоть интернет 
будет лучше =) 
Спасибо с увожением Жалхас!",null,Negative,Жалхас,30.01.2011,huzhe.net
Плохая загрузка сайтов после 15 числа месяца,"Каждый раз поле 15-го числа месяца, невозможно загрузить 
страницу сайта, в основном это Российские сайты mail.ru или 
одноклассники например, а в начале месяца, снова все в порядки. Сколько 
еще нам мучиться и когда это прекратиться? Куда жаловаться?",null,Negative,Юлия,16.01.2011,huzhe.net
Постоянные отключения,"Хуже мегалайна в кахаъстане провайдера не существует ... 
ПОСТОЯННЫЕ ОТКЛЮчЕНИЯ каждые 10 минут ! Не поработать, не фильм скачать,
 НИПОИГРАТЬ !!!",null,Negative,Юра,15.07.2010,huzhe.net
Кошмарные услуги,"Кошмар!!!это не провайдер, а неизвестно что!! постоянно 
отключается интернет!скорость до ужаса маленькая! платишь по одному 
тарифу, скорость в 3 раза меньше! постоянные сбои в работе!!вобщем не 
провайдер, а Г**** какое-то!!!",null,Negative,Айша,04.07.2010,huzhe.net
Очень низкая скорость,"Очень низкая скорость интернета что даже не говоря о просмотре 
онлайн фильмов, а о скачивание каких либо файлов я вообще молчу, с 
большим трудом просматриваю почту и обновляю антивирус! По каким 
причинам это происходит и когда это закончится? Ведь мы плотим деньги и 
не малые за 1500 kbps а получаем не более 150-200 kbps!",null,Negative,Аслан,26.03.2010,huzhe.net
Плохая услуга интернет,"В Риддере сложилась сложная обстановка с Мегалайном. Количество 
пользователей превышает возможности портов, звонили в службу поддержки 
165, помочь не могут просят только потерпеть, скорость очень низкая, что
 делать не знаю. Так нам ответил Мегалайн. Самое главное, подождать 
нужно до 2011 года, пока якобы заменят кабель на оптоволоконный - а это 
более 120 км. Так-же говорят чтоб перешли на другой тариф, где ниже 
скорость, но это не меняет проблему, так как любой тариф не работает.",null,Negative,Евгений,04.03.2010,huzhe.net
Безлимитный интернет с ограничением,"Несколько месяцев назад я решил подключиться к безлимитному 
интернету (но почему то у ""безлимитного интернета"" есть лемит 10 гигов с
 внешки затем скорость уменьшают до 64 кб/сек. А так как я живу в 
Казахстане и в основном качаю с Российских сайтов это уже плохо) а цена 
""безлемитниго интернета"" около 30 баксов . По началу все шло вроде 
нормально. Скорость была отличная и никаких проблем не было. Совсем не 
давно начали произходить разрывы соединения, стали долго загружаться 
страницы. Это еще пол...",null,Negative,Евинт,16.09.2009,huzhe.net
Просто ужасно,"Я себе решил второй раз подключить Мегалайн Хит. Ну пошол как 
полагается на Казахтелеком написал заявление, (было это в пятницу) 
сказали, что через 5 дней подойти.Пришол я к ним через неделю в пятницу 
дали логин пароль, прихожу домой пытаюсь выйти в нет и что, и ОБЛОМ 
звоню им они мне говорят как всегда что они там что-то настраивают, 
попытайтесь попозже.На*уй мне позже, когда я даже немогу на страничку 
Мегалайн зайти, чтоб в личный кабинет выйти!А в Каз.Тел. девушка всё так
 просто...",null,Negative,Виктор,15.09.2009,huzhe.net
Ужасный интернет,"Несколько месяцев назад я решил подключиться к безлимитному 
интернету (но почему то у ""безлимитного интернета"" есть лемит 10 гигов с
 внешки затем скорость уменьшают до 64 кб/сек. А так как я живу в 
Казахстане и в основном качаю с Российских сайтов это уже плохо) а цена 
""безлемитниго интернета"" около 30 баксов . По началу все шло вроде 
нормально. Скорость была отличная и никаких проблем не было. Совсем не 
давно начали произходить разрывы соединения, стали долго загружаться 
страницы. Это еще пол...",null,Negative,Генадий,14.09.2009,huzhe.net
Подключить интернет не могут,"Здравствуйте, меня зовут Камал я подавал заявку на подключение 
интернета 1 августа 2019 года, ее приняли, сказали ,что заявка будет 
рассматриваться в течении 6 рабочих дней и специалист пришёл сообщил 
,что провод не работает и порт тоже, сказал что будет рассматриваться 
проблема, чтобы устранить. И в течении 18 дней ни кто и не звонил и ни 
явился.
Я звонил 165 опять объяснял что мол возникла такая проблема, почему моя 
заявка уже весит почти месяц и ни кто ни чего не решает. Потом пришли 
спец.и...",null,Negative,Камал66,21.08.2019,huzhe.net
Шарашкина контора,"Вот одна из последних претензий, оставленных мною на сайте это 
шарашки:
""Вот мне интересно: когда ваша шарашкина контора начнет набирать 
нормальных работников? Я уже молчу о грамотных специалистах, потому что 
это вообще из области ненаучной фантастики.
Я уже неоднократно писал вам, но толку от этого нет. Приедут , почешут 
тыковки, проверят кабель и соединения, поковыряются в компе – и все! 
Потому что проблема не на моей стороне. И ваши “специалисты” постоянно в
 этом убеждаются.
Суть проблемы...",null,Negative,Russian,01.08.2019,huzhe.net
Неустойчивый интернет,"Интернет все время виснет, как только подует ветер или пойдет 
дождь - интернет и домашний телефон перестают работать, вызываем 
монтеров, объясняют такие проблемы тем, что пора менять кабель, для 
этого нужно еще столб дополнительный поставить, а то уже за наш счет. 
Какого черта? А как оплатить телефон и интернет, так они не забудут 
позвонить и напомнить, лучше бы себе напоминали, что хоть иногда нужно 
решать проблемы пользователей, а не только деньги клянчить, позорники!",null,Negative,Умида,27.07.2019,huzhe.net
"Сегодня, я была унижена и растоптана курьером","19 февраля 2019 года, я подключила пакет «Black 2S» от 
Казактелеком. В пакет вошли: 126 каналов; 500мбит интернета; городской 
телефон; 2 сим карты Altel. По факту мне достались:117 каналов, 
неизвестно какой мбит интернета, так как только после подключения, мне 
сообщили, что 500 мбит не распространяется на wi-fi (дома у меня все 
гаджеты на wi-fi). С тех пор я периодически звонила на номер 160, 
узнавала, когда произойдет подключение и, когда привезут сим карты. 6 
марта 2019 года, мне позвонил...",null,Negative,DianaSultan001,11.03.2019,huzhe.net
Звонки о задолженности,"Надоели бесконечные звонки о задолженности, сегодня мне сообщили
 о пене. Звоню в казахтелеком - с оплатой у меня все хорошо, а значит 
казахтелеком просто устроил мне травлю, постоянную, хорошо 
спланированную травлю. И на новый 2019 год мне сделали отключение, 
пришлось бегать, вызывать ремонтников. Поздравили. Спасибо.",null,Negative,Пукас Татьяна Ивановна,26.02.2019,huzhe.net
Ужасный интернет и космические суммы,"Ужасный интернет с оплатой в 6000 тыс. , которую подняли без 
разрешения. Договор на эту сумму не заключала, все виснет, ютуб висит, 
постоянно отключается, постоянные поломки сети, сбои. Ничего не 
предпринимают. Слышала, трудно расторгнуть с ними договор. Не советую, а
 тем кто уже пользуется, если будите расторгать, советую с ними не 
сюсюкаться. Пресса и т д вам в помощь.",null,Negative,Здравствуйте,20.02.2019,huzhe.net
Не существующие сим карты,"Хочу оставить отзыв о рдт алматытелеком - казактелеком на 
шаляпина батыс-1, отношение к клиентам как и само обслуживание на низшем
 уровне, ужасно! Люди часами ждут своей очереди. Самое интересное-это 
причина, по которой им пришлось потратить столько времени и нервов! На 
человека вешают призрачные сим карты, за обслуживание которых выставляют
 счёт, и чтобы сделали перерасчет и отключение этой вымышленной услуги, 
мы проводим более 2 х часов в ожидании! На вопрос каким образом без 
моего согласия...",null,Negative,ElenaNovoselova071087,17.01.2019,huzhe.net
Мошеннические действия,"В мае 2018 года нам, к абонентскому номеру, т.е. домашнему тел.,
 Казактелеком подключил сим-карты Алтел, когда при звонках с отдела 
продаж мы неоднократно отказывались, но наши отказы ни как не 
подействовали на них и они молча, без нашего ведома подключили, 
активировали симки и бонусом сменили тариф, с той ситуацией разбирались 
долго, но всё же решили проблему в течении 3х месяцев, но мы оплатили 
всё, что было начислено по квитанции, сделали перерасчет, но не 
полностью. Теперь же, в январе 2019...",null,Negative,Jasiya,17.01.2019,huzhe.net
Ужасный интернет,"Тоже хочу рассказать историю о том как меня лоханули ""спецы"" КТ.
 Пришли значит подключать мне интернет, я к сожалению отсутствовал, была
 супруга. Прихожу, а у меня кабель висит на улице ?, представляете?! Эти
 лжеспецы якобы не взяли перфоратор и они не смогут провести кабель как 
положено из подъезда в квартиру. Обещали жене прийти с перфоратором и 
провести как положено, а пока кинем его через балкон и пусть висит?. Так
 вот висит уже ГОД. Звонил не однократно, просил чтобы пришли и 
исправили...",null,Negative,Жанабай Бирликханович Балсугуров,09.01.2019,huzhe.net
Отвратительный интернет.,"мы подключили интернет и платим как положено согласно тарифу без
 задержек. Но качество предоставленных услуг ужасное. Интернет то 
прерывается то отключается совсем. За что мы платим? Дома та же история.
 Зачем вообще мы платим если не можем им пользоваться? Просьба навести 
порядок в оказании услуг. Линии старые еще с совдепа не менялись. По 
домашнему телефону невозможно даже поговорить. Все шумит при разговоре. И
 я уверенна это у всех жителей нашего города.. Примите меры...",null,Negative,Такси Удача,17.12.2018,huzhe.net
Беспредел телекома,"Добрый день! Не знаем куда жаловаться! Дело в том что от 
интернет услуг и телевидения мы уже давно отказались(27 ноября.2017 
года), сдали всё оборудование но нам до сих пор идут квитанции с 
оплатой. Оставили только городской телефон. Оплата за телефон 
производиться ежемесячно с переплатой, но при всём при этом у нас 
отключена городская связь! В общем происходит полный бардак! Уже писали 
заявление на имя начальника ауэзовского казахтелекома города Алматы, это
 так же не помогает! Договор был...",null,Negative,Гакель Вероника,12.12.2018,huzhe.net
Отвратительная работа,"Так работает только казахтелеком. постоянные разрывы. всегда 
норовят найти причину неполадок у клиента, свою вину признавать не 
хотят. чуть не поменял из-за этих ""спецов"" хороший, рабочий модем. 
большую половину сотрудников казахтелекома нужно отправить пасти 
баранов, там им самое место!",null,Negative,Владимир Крупецкий,15.08.2018,huzhe.net
Медленный интернет,"Невыносимо медленный интернет с ненадежным качеством 
подключения. Работает через раз, и, что самое фиговое, подключается 
вместе с домашним телефоном. Никогда не подключайте интернет данного 
провайдера, даже если вам очень он нужен, есть множество других 
альтернатив. А эта ""деревня"" даже хорошее качество связи без перебоев 
обеспечить не может. Нужно делать отчет в интернете с множеством бумаг, 
или загружать видео в хостинг: ""сори, у нас проблемы, начни через 
час-два и опять потрать кучу времени"". Очень сожалею о подключении.",null,Negative,Асхат Жунусов,25.10.2017,huzhe.net
Тема жалобная,"""постоянное отключение. Приходили монтеры. Замерили скорость 
интернета. Лично убедились что совсем плохая. Заскринили. Ушли и с 
концом. Звонки на 165 ни к чему не приводят. Оператор говорит что с их 
стороны все хорошо. Девять месяцев звонков в пустую. Я пользователь 
интернета мегалайн уже с 2013 года. До этого все было хорошо. С 2017го 
начались обрывы. Пинг под 150 и выше. Особенно интересно стало что 
исходящая скорость упала до 0.36mbps хотя все время была 0.70 mbps. 
Постоянные crc ошибки...",null,Negative,uuuuuuuuuuuuuuuuuuuuuuuuuuu,26.08.2017,huzhe.net
"Более недели не могут подключить телевидение, ссылаясь на то, что нет приставки!","Добрый день!
11 августа мы подключили интернет + телевидение, специалист пришел 
сразу, подключил интернет, но по сей день 16 августа нам не подключили 
телевидение, мотивируя тем что нет приставки. Интернет провели, но 
вопрос с подключением телевидения остался открытым. 
Прошу принять в работу и ускорить подключение, так как мы будем 
производить оплату за все вместе.",null,Negative,Мария Кравченко,16.08.2017,huzhe.net
Неправомерное отключение телефона,"Прошу разобраться в причине отключения телефона (248-00-35) . В 
июле 2016 года я отказался от интернета, написав заявление об отказе. 
Однако мне продолжали начислять плату за интернет. Я обращался 
практически ежемесячно в офисы по работе с клиентами (находящиеся на ул.
 Шаляпина, на ул. Курмангазы, в тастаке) . Сотрудники офисов говорили 
одно и то же: ""не обращайте внимания. У нас такая программа. Через 
несколько месяцев долг исчезнет"". Тем не менее, несмотря на то, что я 
исправно ежемесячно...",null,Negative,КАЗАКТЕЛЕКОМ,09.05.2017,huzhe.net
Безответственные работники,"Здраствуйте. Я хотела пожаловаться на работников казак.телекома.
 наш домашний телефон больше 10 дней не работает. Я через день звоню,и 
каждый раз одно и та же операторша отвечает мне и каждый раз утверджает 
что сегодня придет монтеры. Течении десети дней я 5 раза звонила но 
результата нет, я и вчера звонила операторша брала трубку и нагрубила 
что кроме нас у них много дел что не успевают и положила трубку я 
повторно звонила но она услышав мой голос положила трубку. Работники 
Ленгерского...",null,Negative,Диёра,12.04.2017,huzhe.net
Самопроизвольное изменение тарифного плана на Мегалайн,"1. Несколько лет я был подключён к тарифному плану Мегалайн 3800
 тг, которые я регулярно оплачивал ежемесячно. С января 2017 года мне 
стали приходить бОльшие суммы, но я сразу не обратил внимание, так как 
интернет и телефон работали. Вчера интернет отключили за задолженность. В
 отделении Казактелекома на Жарокова мне сказали, что мой тарифный план 
был изменён с декабря 2016 на 4700тг. в месяц. Вопрос: почему это было 
сделано без согласования со мной? Меня вполне удовлетворял предыдущий 
тарифный...",null,Negative,Сергей 1954,30.03.2017,huzhe.net
id tv,"Жду уже месяц когда подключат idtv, приехал в офис 26.12.2016. 
сказали что заявок не принемают сказали зайти после новогодних 
праздников. 04.01.2017. приняли заявку на подключение. сказали что 
подключат через 2 дня. сегодня 24.01.2017 их до сих пор нет... вчера 
звонил в центр поддержки потребителей 160 сказали что перезвонят. но не 
перезвонили, сегодня тоже звонил пообещали решить проблему... но не 
звонка, не работников телекома не дождался... завтра буду звонить еще 
буду надоедать пока мне не подключат телевидение...",null,Negative,ersultan amituly,24.01.2017,huzhe.net
Скорость интернета,"Уважаемый оператор АО Казахтелеком! Я ежемесячно исправно плачу 
за телефон и интернет минимум 5 т.т., мой тарифный план турбо. Согласно 
тарифного плана турбо скорость интернета должен быть 8 мгб/с, однако за 
весь период пользования данным тарифом ни разу не было такой скорости, 
максимум 5. Так почему Вы ежемесячно берете сумму за скорость 8? Я 
уверен, что Все пользователи Вашими услугами полностью со мной 
согласятся... Также хотелось бы отметить, что в г.Костанай услуги 
интернета представляет...",null,Negative,Куаныш RK,07.01.2017,huzhe.net
Не работает интернет,"Каждый день не работает интернет с 00: 00 и до тех пор пока с 
ними не поругаешься! Это сколько будет продолжаться? !? ! совсем там уже
 офигели! Каждодневные поломки! Люди платят бешенные деньги, чтобы по 
пол месяца без интернета сидеть! Перерасчёт не делают даже!",null,Negative,Елена Аверкина,10.02.2021,huzhe.net
Не проводят интернет,"В Алматинской области Илийского района п. Ынтымак всё население 
не могут провести интернет от Казахтелеком, поскольку, как нам ответили 
-нет покрытия. Однако компания посредник, ставит антенны якобы от 
Казахтелекома по 90 тысяч тенге с каждого дома. Поселок наш находится в 6
 км от мегаполиса, г. Алматы. За все это время неоднократно обращались в
 Казахтелеком Илийского района, но нас отправляют к посредникам. 
Создается впечатление, что это делают специально, чтобы нажиться на 
народе.",null,Negative,Лаура Абишева,09.02.2021,huzhe.net
Помогите легализоваться в сети провайдера под тем ip который дает сам провайдер.,"Уважаемый Есекеев Куанышбек Бактыбекович, прошу вас помогите мне
 решить спорную ситуацию проживаю в г. Семей подключен к интернету 
тарифный план silver ip белый но уже 3 месяца как беспризорник провайдер
 перестал регистрировать мое устройство в сети от куда выдает ip, 
идентифицировать по ip мое устройство не возможно. Я очень много играю в
 игры мне нужна полная услуга интернет а так же чтоб tcpip работал в 
полном объеме... Помогите разрешите подключиться к статическому ip с 
полной регистрацией...",null,Negative,Алексей-777,08.02.2021,huzhe.net
Интернет,"не извиняюсь но, что вы такое, Казахстелеком. С вас Сатана очень
 сильно мягко говоря в удивлении, кажется что он вам покланяется. 
Провайдер Казахтелеком это 100 шагов назад на пути развития 
человечества. Ваше существование - ошибка, сбой вселенной",null,Negative,Tomiriiis,02.02.2021,huzhe.net
"Неправильное начисление за услуги, к которым не подключен","Эта история длиться уже более 9 месяцев. Арендовал квартиру по 
вышеуказанному адресу, и пользовался интернетом по предоплате. В связи 
пандемией, переехал в другой район, отказался от услуг Казактелекома, 
вернув модем и расторгнув договор. На момент расторжения договора у меня
 была переплата, которую сказали что вернуть можно только в центральном 
офисе. Времени не было ехать в офис Казактелекома, прощу долг, подумал 
я. Да нет тут было, начислили задолжность , да еще и с пеней в размере 
83 тенге...",null,Negative,Controler,27.12.2020,huzhe.net
Некомпетентные сотрудники и отвратительный сервис,"Для такой организации как Казактелеком просто отвратительный 
сервис и работники такие же! Сначала предлагают свои услуги, за которые я
 готова платить каждый месяц, но уже второй месяц не могут их 
предоставить качественно! Звонят каждый раз разные сотрудники и каждый 
говорит свою версию и предоставляют абсолютно разную информацию!",null,Negative,Tatyana Nurkanova,06.12.2020,huzhe.net
Нестабильная скорость,"Подключили домашний вайфай ради фильмов и игр. Скорость 19-39 
Mbps показывает. Смотришь фильмы - тормозит страшно. Играешь - пинг 
взлетает до небес! Сначала 97 пинг, потом резко 170 - 210 - 370! Но хуже
 всего то, что интернет пропадает на часа три, иногда на целый день! О 
каких играх и фильмах речь, если даже гугл браузер не грузит! Вк 
сообщения, фотографии грузятся вечность. Худший интернет в мире! 
Провайдер - вор пакетов! Обслуживание на нуле!",null,Negative,Siamskaya,17.11.2020,huzhe.net
Безобразная работа оператора,"В феврале 2020 года отключила телефон. На момент отключения была
 переплата! Но до сих пор шлют квитанции о том, что нужно оплатить 
несуществующий долг! Откуда он взялся? На это никто не может ответить и 
продолжают слать квитанции. Я всё это время только и пишу, что я ничего 
не должна. Обещают разобраться, но всё повторяется вновь. Вот и сегодня 
принесли очередную квитанцию. Безобразие!",null,Negative,olga_5256@mail.ru,18.10.2020,huzhe.net
Безответственные работники,"С 24.08.2020 года была подана заявка на подключение интернета, 
по сегодняшний день 01.10.2020. вопрос не решен. Заявление несколько раз
 терялось у них в базе данных. Постоянные обещания через 5 дней 
подключат, растянулось в полтора месяца. Когда прекратится этот 
беспредел и когда выполнят работу, ни кто не знает. Пора казахтелекома 
менять свой штат работников и гнать дармаедов и лентяев!",null,Negative,М@kc,30.09.2020,huzhe.net
Некомпетентность,"Абсолютно поганая шаражкина конторка. Тупые,несоответствующие 
службе работники. Которые не справляются со своими обязанностями. Деньги
 платить требуют,а услуги не предоставляют. Элементарно не могут решить 
вопрос,с которым я бегаю за ними 2 месяца. Уже надоело.",null,Negative,Алёнаm,30.09.2020,huzhe.net
Нарушение прав потребителя,"Здравствуйте, с октября 2019 года написал заявление на 
отключения услуг сдал телевизионные приставки в офисе на курмангазы, 
жена не глядя оплачивала услуги по март месяц, узнав что жена платит за 
услуги которые отключены я сказал ей чтобы она не платила за воздух, 
после чего через 2 месяцев как перестали оплачивать вылез долг за 
отключённые услуги, 27 мая я пишу повторно заявление на отлюченние и 
перерасчёт, до сих пор нет перерасчёта, а долг вырос, бардак и 
самоуправство цветут пышным цветом...",null,Negative,Андрей Терентьев,23.09.2020,huzhe.net
Нет обслуживания,"Оставили заявку на подключение дополнительной точки, сказали 
ожидать в течение недели, спустя 2 недели никто так и не пришёл, никто 
не связался. На вопросы о том, когда будет выполнена заявка, говорили 
только ожидайте. Легче отказаться от их услуг вовсе, чем дождаться.",null,Negative,Qwersau,23.09.2020,huzhe.net
Не подключена услуга,"Подключили интернет на сутки. В течение семи дней его нет. 
Мастера не отправили. Каждый день разные причины по поводу отсутствия 
интернета. Вразумительного ответа дать не могут. У детей в школе 
пропуски. На просьбу соединить с руководством переключают на другого 
оператора.",null,Negative,Аббас,19.09.2020,huzhe.net
Мошенничество,"Без моего письменного согласия, включили в мой лицевой счёт - 
2003040 дополнительную услугу, от которой я, в разговоре по телефону с 
назойливой сотрудницей - мошенницей, всячески отказывалась, объясняя ей,
 что не нуждаюсь ни в каких дополнительных услугах, что - пенсионерка, 
получаю минимальную пенсию... Читая жалобы других пользователей 
Казахтелекома, ещё раз убеждаюсь в том, что сия компания - ни что иное, 
как сборище мошенников. Трачу свое время, здоровье для написания 
заявления - отказа от...",null,Negative,Нина Малявина,16.09.2020,huzhe.net
Некомпетентные работники,"Здравствуйте уважаемые администраторы службы поддержки 
Казахтелеком, хочу выразить вам своё недовольство по отношению к 
клиентам, 09.09.2020 года обратились к менеджеру Касенову М. По поводу 
отключения ID-tv и одного телефона. Так вот менеджер отвлёкся на других и
 отключил нам все услуги включая интернет, теперь из-за ошибки которую 
допускают ваши работники, у меня дома трое учеников остались без 
обучения. Неоднократные жалобы были в кол центр 160 а так же по ватсап, 
заявка до настоящего времени остаётся не обратной. Тем самым портят 
репутацию компании!",null,Negative,Диляра Абдыкаева,15.09.2020,huzhe.net
Плохая работа,"Очень очень слабо работают работники ,1 числа сентября я 
оставила заявку на подключение, сегодня 11 сентября до сих пор жду. 160 
как всегда ничего не знает а девушка каминный в офисе обещала сразу же 
подключать сказали, 2,3,4 ждала потом дальше ждала. 🤷‍♀️🤦‍♀️я не знаю 
куда обратиться. Где начальство. Я устала звонит 160. они всегда ничего 
не знают. В офис придёшь большая живая очередь по 200 чел. Тоже опасно 
стоять ждать. Домой вызываешь установщики тоже платный 500т. 😤 
установщики не...",null,Negative,Asema,11.09.2020,huzhe.net
Отключили интернет,"Здравствуйте! Нам отключили интернет так как не успели оплатить в
 связи с карантином. А сейчас началась учёба и мой ребёнок не может 
заниматься верните мне мой порт и номер телефона. Когда появился порт 
его отдали больнице по какой причине хотя у меня сними заключён договор 
три месяца мы ждём подключения интернета",null,Negative,anastasiya,05.09.2020,huzhe.net
Интернет периодический пропадает,"Интернет периодический пропадает вот уже четыре дня проблемы. 
Звонишь по номерам 160, просит отключить интернет и сделать 
перезагрузку. Понимая что это не помогло перенаправляют на номер ремонта
 165. С операторами ремонта это вообще отдельная история, они говорят 
пошаманить надо с настройками и перезагрузить модем, соответственно не 
видя выхода, так и делаю. Но интернет как и пропадает, так и ее нет 
местами. Самое смешное то что у меня на компьютере и на телефоне 
показывает что интернет якобы...",null,Negative,UGray,23.08.2020,huzhe.net
Перерасчет,"Без моего согласия повышен тариф на сим карте. На мой вопрос об 
основании повышения тарифа, даются разные ответы. Перерасчёт не 
производится 2 месяца. Начисляется пеня. Во всем поселке Интернет очень 
плохого качества. У меня постоянно перебои, а 5 дней вообще нет. Кто и 
когда будет производить перерасчёт за эти дни? Оплачиваю 6300 тг. в 
месяц. Услуги ужасного качества. 
Прошу принять меры.",null,Negative,Инна Балабанина,23.08.2020,huzhe.net
"Не работает телевизор, не работает интернет, не работает мобильная связь","Вы когда нибудь почините своё оборудование, чтобы оно работало. 
Больше недели назад позвонила какая то женщина, представилась 
сотрудницей, записала все мои данные, сказала с вами свяжутся. Через два
 дня, я с семьёй собираюсь с утра выехать по делам, а тут пришли 
представители казахтелекома без звонка естественно, пришлось задержаться
 и опоздать на встречу. Это ещё не всё, эти ребята сказали что наше 
оборудование не правильно работает и его надо поменять. Сказали мы 
придём через четыре дня в пятницу и заменим, но только уже вторая 
пятница скоро, а воз и ныне там",null,Negative,Олег Курганов,20.08.2020,huzhe.net
"Беспроводной интернет алтел, скорость очень маленькая","09.11. 2016 года установили беспроводной интернет Алтел. До 
07.12.2016г. работал вполне нормально, после скорость интернета 
снизилась... видео не загружается, сайты не отрываются. в соц. сети 
зайти вообще не возможно. интернет постоянно виснет.",null,Negative,денис1111111,17.12.2016,huzhe.net
Очень низкая скорость,"Что то странно творится с Megaline, подключены уже 10 лет если 
не болие не когда не было проблем, но последнии 3 года жают жару уже 
нерв не хватает. Лотом интернет идёт супер без запинки. Но как Очень , 
Веста. у нас начиается сезанное заболевание не понятно чего. в службу 
уже безполезно звонить они уже хамить начинают то что часто звонишь им. 
Хотя это их работа. Отправляют постонно мастеров на фиг они сдались 
придут посмотрят футбол. кино и т.п, скажут проблема в компьютерах, 
проблема в...",null,Negative,Екатерина2222,08.12.2016,huzhe.net
"айдифон, интернет, айдинет","Саламатсыздар ма! Менің сурағым бар, Сіздер сондай миллиардер 
мекеме бола отыра, тарифты шарыктата бермей, шамалы халықтында жағдайын 
ойлағандарыңыз дұрыс шығар. Өйткені, айдифонды 1-ші рет бергенде 
интернетті 3-ай сайын токтатып, арызбен қолданғанмын. Кейіннен 
интернетті қоспасаңыз болмайды деп, менің керегі емес, интернет маған 
деген сөзіме карамай, маған мәжбүрлеп берді, неге? Интернетті мен 
қолданбасам, маған керегі қанша? Онсызда түсіп жатыр емес пе, сонша 
акша, ""ашыққаннан құныққан""...",null,Negative,Акманат,10.11.2016,huzhe.net
интернет,"Здравствуйте, администрация АО Казахтелеком, я с огромным 
разочарованием пишу Вам обратно мое возмущение. Я до этого уже 
жаловался, никакого вывода и результата нет. 2 года назад мы обратились к
 вам с заявлением на подключение интернет мегалайн, но до сих пор 
говорят, что нет технической возможностей, это что за бред? Когда в 
деревнях и районах есть интернет, а у меня хотя я живу в городе Семей 
нет интернета. Мое местожительство Переулок Красноярская находится рядом
 с центром города. Я не пойму...",null,Negative,дамир87,07.11.2016,huzhe.net
Отзыв о работе с абонентами гендиректора Павлодарской ОДТ Сейтжанова А. Р.,"Отзыв о работе, а не жалоба. 
Мне пришлось обратиться в приёмную гендиректора павлодарской ОДТ 
Сейтжанова А.Р.с просьбой о приёме по личному вопросу в связи с ошибкой 
оператора, что повлекло к отключению телефона. Готовилась к встрече с 
высокомерным чиновником, но оказался предельно вежливый, удивительно 
внимательный и доброжелательный человек, он прочитал моё обращение, 
подчеркивая важные детали. Пообещал подробно разобраться и извинился за 
своих сотрудников. Вскоре пришел письменный ответ и...",null,Negative,sacsha,25.10.2016,huzhe.net
Плохое обслуживание,"Очень плохое обслуживание. Скорость медленная без предупреждения
 меняют тарифный план, подключают различные услуги. Уже несколько раз 
обращалась с просьбой пересмотреть, но всё безрезультатно. Не хочется 
отключать городской телефон, но видно придётся. У досбола качество 
интернета лучше и они не творят беспредел.",null,Negative,Olga  Prudnikova,24.10.2016,huzhe.net
Казахтелеком вконец обнаглели!,"Добрый день! До каких пор Казахтелеком будет беспокоить своими 
звонками? Вконец обнаглели уже! Звонят который день по сто раз на день 
со всякими предложениями и рекламами, последней каплей стал звонок 
сегодня утром от робота, что у меня имеется якобы задолженность в 
размере О тенге! Просьба оплатить! Это как так? Оплачиваю во время и 
каждый месяц! 
Это нормально? Если здесь есть представители соответствующих 
организаций, просьба принять меры! В понедельник иду к генеральному 
писать жалобу! У...",null,Negative,Ольга В.,18.06.2016,huzhe.net
работа сотрудников,"Здраствуите 3 месяца назад подали заявление на подключение 
ID-net, за 3 месяца звонков от операторов не было, на звонки 3-е сутки 
не отвечают, ходили сказали что не имеются оборудования. хотелось бы 
узнать за 3 месяца не было ни одного оборудования, если так то для чего 
вообще начали проводить в подъездах сеть ID-neta. После проводки у нас 
снизилась скорость мегалайна, и наблюдаются частые сбои интернета, вдень
 по 10 раз. Кто может ответит на вопросы, ни кто ничего не знает.",null,Negative,Duman Murzahmetov,14.04.2016,huzhe.net
Виснет интернет,"Ужасно виснет интернет.Подключен ХИТ.Сколько раз звонила в их 
контору все бесполезно.Сколько можно платить незачто.Прошу разобраться.",null,Negative,Коржова Инна,12.06.2015,huzhe.net
Подключите интернет,"Очень прошу ВАС помочь с подключением интернета. Уже четвертый 
год прошу, все объясняют, что наши квартиры находятся на какой-то 
коробке.
А рядом квартиры, у них есть Интернет.",null,Negative,sholpan196620,25.05.2015,huzhe.net
Плохая работа интернета,"Здравствуйте я Игошкина Наталья Леонидовна уже в течении 6 
месяцев у меня практически не работает интернет Мастера говорят что 
отправили проблемное письмо в ,г Алматы но по сегодняшний день никаких 
результатов нет в г Караганде так же ссылаются на бездействие в г Алматы
 где мне теперь искать ответ Когда мне наладят работу интернета и за что
 я плачу Мне предлагают отказаться от услуг Казахтелекома в то же время 
как поясняют специалисты у нас перегружена линия у нас проведены 
воздушки все время...",null,Negative,Игошкина,30.03.2015,huzhe.net
Интернет,"Здравствуйте.Я здороваюсь,не из уважения к вашей компании,а из 
приличия.теперь к сути.,Я,являюсь уже лет 25 абонентом вашей компании.и 
разве я не заслужил ,чтоб мне провели в квартиру интернет.я понимаю,что 
вы являетесь монополистом на рынке предоставляемых услуг.и вам буквально
 наплевать на рядовых абонентов.Но может руководство уже построило себе 
коттеджи и обеспечило своих родственников всем необходимым ,ну типа 
квартир и авто.и вы наконец то задумаетесь о простых людях.Проведите 
интернет.21 век на дворе.",null,Negative,Серега,14.03.2015,huzhe.net
Сбои интернета,"Здравствуйте, ИП "" Якимец М.И"" находящийся по адресу г Атырау, 
Северная промзона 50, ставит Вас в известность о том что уже на 
протяжении 10-11 месяцев интернет работает со сбоями. Неоднократно 
обращались в абонентский отдел приезжали специалисты Казахтелекома, 
говорили что все в порядке но сбои продолжаются. Просим Вас разобраться в
 сложившийся ситуации, так как за услуги связи ИП платит своевременно.",null,Negative,Рахимова Жанар,11.03.2015,huzhe.net
Подключение интернета,"Я являюсь пожизненным абонентом вашей компании. И надеюсь я 
заслужил, чтоб вы мне провели интернет. Распределительный ящик от меня 
находится на расстоянии 150 - 200 метров. Разве вам не нужны абоненты?Я 
устал вам уже долбить. 21 век на дворе. Ответте пожалуйста на письмо т. 
К. Копию этого письма я отправлю в акимат. Вполне возможно вам плевать, 
но может, и что - то изменится и вы зашевелитесь. . .",null,Negative,серега,19.02.2015,huzhe.net
Плохая работа телефона и Интернета,"Хочу пожаловаться на работу Казахтелекома.Телефон часто не 
работает,приходится звонить на него с сотового телефона,чтоб пробить.У 
Интернета,если он есть,низкая скорость.22-23 января не работал телефон,с
 утра начала звонить в Казахтелеком,после обеда звонила каждые 
полчаса,обещали прислать монтера.Последний раз звонила на тел.62273 в 
18-15 в пятницу,просила опять подключить,ведь впереди выходные.Ответили 
опять-ждите.Я сказала,что буду жаловаться выше.Ответили-жалуйтесь.Я не 
понимаю кто-нибудь...",null,Negative,Лукина Галина,25.01.2015,huzhe.net
Незаконная задолженность,"У меня уже 05 года отключен ID-net на телевидение, но идет за 
него большая задолженность каждые 2 часа мне звонят с 195, с утра будят,
 не дают покоя, требуют, .чтобы я оплатила скопившуюся, 
задолженность!хотя я вовремя оплачиваю интернет и телефоны, я несколько 
раз приходила в Казактелеком, писала заявление-жалобы, так как уже 
отключали телефоны и инет??На каком основании??? Потому что ваша система
 такая??а при чем тут я? вы нарушили мой покой и нервное состояние, я 
вынуждена буду обратиться в...",null,Negative,флоринаЕРМАКОВА,14.10.2014,huzhe.net
Автоответчик,"Уважаемый Казтелеком! Исправьте свой автоответчик! Вот уже пять 
дней подряд по несколько раз звонит телефон и сообщает о необходимости 
заплатить за услуги. Во первых, все вовремя оплачено, во-вторых, почему 
надо звонить каждый день и по несколько раз? Последний раз позвонили 
сейчас (09:33) (вам это легко проверить). У нас маленькие дети, которых 
вы постоянно будите. Вы, что изверги что ли?! Если не прекратите 
беспочвенные звонки, мы вынуждены будем подавать на вас в суд и 
требовать компенсацию за вред здоровью наших детей.

 Айсулу Тайжан.",null,Negative,АйсулуТайжан,09.08.2014,huzhe.net
Нет обслуживания,"Здравствуйте! подключил дом. телефон с беспроводным интернетом 
3-тий месяц не могу пользоваться интернетом, вызывал специалистов слышал
 только обещания что придут, через месяц пришли поменяли пароль как у 
меня номер дом. тел. теперь у меня пол дома пользуется моим интернетом. 
ПОЖАЛУЙСТА ПРИМИТЕ МЕРЫ!",null,Negative,Сергей,08.08.2014,huzhe.net
Самовольное отключение от мегалайн,"Филиал Ао Казахтелеком г. Актобе - в одностороннем порядке без 
уведомления конечного потребителя произвел отключения услуги интернета 
мегалайн по номеру 516591 в 2013 г . 
Данная ситуация образовалось, из за недопонимания и низкой компетенции 
сотрудников филиала, которые не верно приняли заказ о дополнительном 
подключении услуги интернета по другому адрессу заказчика 233788 . Новый
 вид подключили, прежний отключили по номеру 516591 .
таким образом - Казахтелеком, нарушил все права потребителя...",null,Negative,Аманжол,15.07.2014,huzhe.net
Намучились с таким телефоном,"Я, Фомина Наталья Хочу не однократно сказать и пожаловаться на АО КАЗАХТЕЛЕКОМ!
Я уже обращалась с жалобой 9 июля 2014г. Также 9 июля приехав в офис АО Казахтелеком сделала следующие: 
- поставила телефон 27-39-12 на бронь
- подала заявку на подключение нового кабельного телефона и интернета
- попросила сделать перерасчет с 12 июня 2014г. 
- оплатила за установку 10000 тенге, хотя было сказано, что телефон по акции за подключение БЕСПЛАТНО (квитанция имеется)
Сегодня утром 14 июля 2014 года...",null,Negative,ФоминаНатальяЕвгеньевна,14.07.2014,huzhe.net
Нарушения прав потребителя,"Здравствуйте, с мая месяца 2020 не как не могут отключиться от 
услуг, точнее услуги отключены по факту их нет тв приставки сданы, а 
начисление за их использования до сих пор капают как долг, в офисе 
говорят ждите перерасчёта, 3 месяца жду а долг растёт, прошу принять 
меры .",null,Negative,Андрей Терентьев,14.08.2020,huzhe.net
Как долго ждать подключения интернета?,"Здравствуйте! Как долго я буду ждать подключения интернета!? 
Подавала заявку ещё в июне, затем ещё раз подала но все тщетно. Никто 
так и не подключил интернет и не говорят причину такой задержки. В чем 
дело? Что случилось с Казахтелекомом? Отправляю специально для вас в 
качестве доказательства скриншоты своих заявок. Почему такое халатное 
отношение? Куда я ещё могу написать свою жалобу в случае если вы не 
примете никаких мер. Уже 3 день не работает уже и домашний телефон. 
Вчера подала заявку о...",null,Negative,Айгуль,14.08.2020,huzhe.net
Не могут подключить интернет,"07.07.2020 обратился с заявкой на подключение тел + интернет. 
Предоставили номер заявки только 20.07.2020 по вопрос почему так долго 
ответили, что проверяли возможность подключения. (13 дней считаю ну 
очень большим сроком для проверки возможности) В общем выдали номер: 
39941349 со словами ожидайте прихода специалистов. Специалисты пришли 
посмотрели что то и ушли со словами ждите другую бригаду. Потом мне 
переназначили номер заявки на 40077903 и опять сказали ждите звонка. И 
вот случилось в...",null,Negative,Avalon_n1,31.07.2020,huzhe.net
Не проводят оптоволокно,"В течении 8 лет Казактелеком обещает провести оптоволокно. 4 
года назад провели защитную трубу для оптоволокна. Сказали в течении 
недели проведут оптоволокно. Но больше я их не видел. Сейчас они говорят
 что в течении 2 лет они не проведут кабель. И предлагают провести за 
мой личный счет. Пользоваться интернетом которые они предоставляют 
сейчас невозможно. Скорость 8мб/сек Фильмы в качестве 720 не 
прогружаются и подвисают. Что бы скачать игру требуется потратить около 2
 дней.",null,Negative,Killer878,23.07.2020,huzhe.net
"Претензия, некомпетентные работники","7.10.2009г. Обратились в казахтелеком к оператору о том, что у 
нас оторвался кабельный тв со стороны улицы и его невозможно 
подсоединить. При оператора позвонили сделали заявку, засекли, должен 
придти работник к нам домой, подтвердить. Оператор предложил нам перейти
 на id net silver 3st, оформили бланк на подсоединения другого цифрового
 кабеля. Сотрудник который должен подтвердить об оторвавшего кабеля не 
пришел к нам домой, как оказалось он должен придти посмотреть с улицы. 
Для установки на id...",null,Negative,Виктория30,09.07.2020,huzhe.net
Ужасное отношение к клиенту,"безразличное отношения к клиенту. Писала заявление месяц назад 
на отключение услуг. заявление отравляла на WhatsAp, Telegram,а также 
звонила по номеру 169. В течении месяца услуга не была отключена, 
оказалось, что данные программы временно не работали, когда на сайте об 
этом не сказано. Написала на самом сайте, через 3 дня со мной связались 
(и то не позвонили, а написали). В конце концов прошёл месяц, услуга не 
была осуществлена и менеджер, которая со мной переписывалась тупа 
перестала отвечать, звонишь-она не отвечает. 
Самая ужасная Компания! Ни кому не советую.",null,Negative,Julia Vavilina,05.05.2020,huzhe.net
Отвратительное качество услуг.,"Отвратительное качество услуг. В описании тарифных планов 
мегалайн написано: 
""самый лучший домашний интернет! От онлайн-игр до онлайн-телевидения - 
любые потребности каждой семьи легко удовлетворены! "", что является 
полной ложью! 8 мбит в секунду не хватает даже на 1 человека. Несмотря 
уж на всю семью. О каких фильмах вы говорите, которые смогут прогрузится
 с данной скоростью. Уже больше 5 лет связываюсь с вашей конторой о 
подключении оптоволоконной линии по адресу абая 66. Выбора никакого...",null,Negative,Казахтелеком,14.04.2020,huzhe.net
Жалоба,"Здравствуйте я подключила услугу телемост ещё год назад. За 
неимением других доступных средст интернета в моем районе. При 
подписании договора была указанна сумма ежемесячного платежа 5200, на 
данный момент ее повысили до более 7000 тысяч. Я обратилась в 
казахтелеком по расположенный в нашем районе, с просьбой о рассмотрении 
снижения оплаты или переключения на другой тариф. Оставила заявление в 
отделение. На что оператор дал ответ что со мной свяжутся в течение 2 
месяцев. А эти 2 месяца на меня...",null,Negative,MarinaMaksimova,31.03.2020,huzhe.net
Подключите интернет,"Установите мне проводной интернет. Я уже 4 года жду подала 
заявку чтобы установили интернет. Но почему то ждем 4 года. Сейчас в 
данный момент очень сильно нужен интернет, потому что мы все переходим 
на онлайн работу, включая моих детей и они тоже теперь будут учиться 
онлайн дома.",null,Negative,Қаракөз,30.03.2020,huzhe.net
Подключения интернета,"Не подключают интернет уже два месяца ссылаясь что нет 150 
метров кабеля смешно что не могут найти какой то кабель, лучше объяснили
 бы как есть по факту. Я связывался по тел с оператором казтелекома и 
они сказали что проверят техническую возможность и через день пришли 
ребята и проверили и ушли потом жду не приходят и я опять позвонил и они
 говорят ждите возможность есть но нету материала и жду два месяца, 
говорят нету кабеля не понимаю",null,Negative,Магзомов Куаныш,06.03.2020,huzhe.net
Претензия,"Здравствуйте!
 Первую претензию ""Казахтелекому"" отправила 17.01 2020 года. Ответа так и
 не получила. Пишу повторно, так как вчера 23.01.2020 года одна из 
сотрудниц ""Казахтелекома"" Молдир позвонила и опять начала говорить, что у
 меня имеется задолженность по лицевому счету №1092882.
Данный счет был мной закрыт 23.10.2019 года в филиале на Жургенева, 9, 
оператором, фамилию можете увидеть на заявление об отказе услуг, я его 
прикрепляю к письму. По заявлению видно, что долги по лицевому счету...",null,Negative,Алида Алимова,24.01.2020,huzhe.net
Начисление оплаты за услуги после расторжения договора,"Я расторгла договор с компанией 29 ноября 2019 г в связи с 
продажей квартиры, на оказание услуг интернет - связи и стационарного 
телефона. Почему я до сих пор числюсь в должниках и мне даже начислена 
пеня. При этом я звонила оператору и даже ездила в центр 09.01.2020 г. А
 сегодня мне опять пришла смс о долге и был звонок. Стыдно за компанию! 
Вы, что, наживаетесь на пенсионерах? Плотникова т. П. , услуги были по 
адресу тохтарова 99-18",null,Negative,Greenfield,10.01.2020,huzhe.net
Отвратительная работа,"Операторы безответственные сотрудники и того хуже. Отправил 
запрос на подключение интернета полтора месяца назад по договору оферты 
макс срок неделя. Инфы ноль. Каждый раз звоню заявку не видят одни потом
 видя и так по кругу. Решить вопрос не кто не может. Если звонят говорят
 все решим в течении недели отвечаю и так полтора месяца только обещания
 что решим. То 3 дня то неделя что дальше сколько ждать. Не советую 
подключать не кому гемороя больше.",null,Negative,Лексссс,09.01.2020,huzhe.net
"Бестолковые сотрудники, не знающие свою работу","Здравствуйте, почему такая компания, а работа сотрудников 
оставляет желать лучшего. Подала заявку на подключение интернета. Пришли
 монтажники протянули провод и сказали номер подключен, и вызывают 
настройщика интернета. Этот сообщает ваш номер не подключили надо 
разобраться. Внятного ответа нет. Можно своих работников обучить.",null,Negative,Knyaz,21.12.2019,huzhe.net
"Сотрудники не знают свою работу и некомпетентны в том, что они делают.","Здравствуйте! Месяц назад подключила пакет Black-3S, в который 
входит 2 сим-карты. Уже 18 день нахожусь без связи и без интернета на 
телефоне. Такое ощущение, что сотрудники абсолютно не знают свою работу и
 некомпетентны в том, что они делают. 
Сначала меня отправили в Алтел, чтобы я написала заявление на снятие 
своей симки с учета, чтобы с этим номером перейти в Казахтелеком. 
Простояв в очереди 2 часа, сотрудник Алтела сказала, что данная услуга 
должна производиться Казахтелекомом...",null,Negative,Natali-80-39,09.12.2019,huzhe.net
Требуют оплатить долг за сим карту которую я никогда не брала,"Я Богданова Д.А. проживаю в Алматы.
И так я долго откладывала этот пост, в надежде на добросовестное АО 
«Казахтелеком » или РДТ «Алматытелеком», но, увы, мои надежды были не 
оправданы. 
Я думала, времена рэкета в Алматы закончились!
 Рэ́кет(англ. racketот итал. ricatto «шантаж») — вымогательство, обычно 
принимающее формы организованной преступностис применением уз.
Как можно назвать компанию которая , занимается вымогательством - да , 
да АО «Казахтелеком» или РДТ «Алматытелеком»! Это не будет...",null,Negative,Bogdanov_Diana,06.12.2019,huzhe.net
Зависает интернет и телевидение,"Подключились по договору на 3 года в начале года, новый жк 
изучив тарифы и условия сроком на 3 года (интернет+тв+городской телефон)
 . В ноябре пришел счет уже выше указанной и озвученной суммы, ктк 
повысил тариф в одностороннем порядке, хотя об этом не проговаривали в 
момент подключения. Весь жк подключен к ктк, но, у всех нас одна 
проблема, он постоянно отключается и на экране: поиск сети, зависает 
постоянно. Почему солидная организация не может соблюдать договор и 
тарифы на оговоренные сроки?...",null,Negative,Mussken,25.11.2019,huzhe.net
Неадекватная сотрудница,"Хочу пожаловаться на хамовитую сотрудницу в с.Узунагаш 
Жамбылского района Асель Арнабекову. Летом 2019 г. мне позвонили и 
сказали, что у меня имеется большая задолженность, т.к. я проживаю в 
Алматы, пошла и сходила в филиал на Шаляпина, в котором сказали, что у 
меня все оплачено, долгов нет. Через некоторое время опять звонят, 
выясняется, что у меня долг по другому адресу. Тот дом я продала 
12.12.2013 года, но договор не расторгала, т.к. новый хозяин сказал, что
 ему нужны телефон и мегалайн...",null,Negative,Куралай,05.10.2019,huzhe.net
Телефония,"Ежемесячно, по 2-3 дня, нарушена работа телефона, не поступают 
звонки. 
Каждый месяц приходится приглашать мастеров. Это длиться уже с января 
2019г. 
Мастера говорят, что проблема в наружной проводке. Вопрос - неужели, у 
такой богатой организации, как казактелеком нет специалистов, которые 
могут решить эту проблему? !",null,Negative,Вера Лаврищева,18.09.2019,huzhe.net
Ничего не работает с момента подключения!,"Ну в общем дело такое въехали в новостройку, и в 2013 году 
подключились к казахтелекому. В момент подключения эти морально 
отстающие люди допустили ошибку, потом целый месяц или два ее 
исправляли, в общем еле еле якобы исправили и началась веселуха полная 
инет не работает совсем а телевидение зависает постоянно что приходится 
перезапускать приставку! Прошло уже почти 8 лет эти люди ни черта не 
могут сделать со своей этой проблемой! Вечно отправляют каких то 
монтеров да установщиков (уже миллион...",null,Negative,Хусейн1,27.08.2019,huzhe.net
